<?xml version="1.0" encoding="UTF-8"?>
<odoo>
   <data>
      <record model="ir.module.category" id="module_category_todo">
         <field name="name">Todo</field>
         <field name="description">Helps you todo</field>
         <field name="sequence">4</field>
      </record>
      <record id="group_todo_user" model="res.groups">
         <field name="name">User</field>
         <field name="category_id" ref="module_category_todo" />
         <field name="implied_ids" eval="[(4, ref('base.group_user'))]" />
      </record>
      <record id="group_todo_manager" model="res.groups">
         <field name="name">Manager</field>
         <field name="category_id" ref="module_category_todo" />
         <field name="implied_ids" eval="[(4, ref('group_todo_user'))]" />
         <field name="users" eval="[(4, ref('base.user_root'))]" />
      </record>
      
      <!-- 
      <record id="base.default_user" model="res.users">
         <field name="groups_id" eval="[(4,ref('group_todo_user'))]" />
      </record>
       -->
      <!-- Rule -->      
      <record model="ir.rule" id="user_todo_rule">
         <field name="name">User only can write at draft state</field>
         <field name="model_id" ref="model_todo_todo" />
         <field name="groups" eval="[(4, ref('group_todo_user'))]" />
         <field name="domain_force">[('state','=','draft')]</field>
         <field name="perm_unlink" eval="True" />
         <field name="perm_write" eval="True" />
         <field name="perm_read" eval="False" />
         <field name="perm_create" eval="False" />
      </record>
      <record model="ir.rule" id="manager_todo_rule">
         <field name="name">Manager can write all state</field>
         <field name="model_id" ref="model_todo_todo" />
         <field name="groups" eval="[(4, ref('group_todo_manager'))]" />
         <field name="domain_force">[(1,'=',1)]</field>
         <field name="perm_unlink" eval="True" />
         <field name="perm_write" eval="True" />
         <field name="perm_read" eval="False" />
         <field name="perm_create" eval="False" />
      </record>
   </data>
</odoo>